{
    "core_metric": 0.6278355551050246,
    "pearsonr_cor": 0.6278355551050246
}