{
    "core_metric": 0.7273891955904545,
    "pearsonr_cor": 0.7273891955904545
}