{
    "core_metric": 0.28989195384664285,
    "pearsonr_cor": 0.28989195384664285
}