{
    "core_metric": 0.19325818180412346,
    "pearsonr_cor": 0.19325818180412346
}