{
    "core_metric": 0.2181361750958452,
    "pearsonr_cor": 0.2181361750958452
}