{
    "core_metric": 0.7621790075029826,
    "pearsonr_cor": 0.7621790075029826
}