{
    "core_metric": 0.3254777634609376,
    "pearsonr_cor": 0.3254777634609376
}