{
    "core_metric": 0.755081662813882,
    "pearsonr_cor": 0.755081662813882
}