{
    "core_metric": 0.718324481295843,
    "pearsonr_cor": 0.718324481295843
}