{
    "core_metric": 0.24045820252949385,
    "pearsonr_cor": 0.24045820252949385
}