{
    "core_metric": 0.761045267690791,
    "pearsonr_cor": 0.761045267690791
}