{
    "core_metric": 0.703122187291466,
    "pearsonr_cor": 0.703122187291466
}