{
    "core_metric": 0.742216374267634,
    "pearsonr_cor": 0.742216374267634
}