{
    "core_metric": 0.6897522654518343,
    "pearsonr_cor": 0.6897522654518343
}