{
    "core_metric": 0.876036866359447,
    "accuracy": 0.876036866359447
}