{
    "num_correct": 1878,
    "num_total": 2170,
    "core_metric": 0.8654377880184332,
    "accuracy": 0.8654377880184332
}