{
    "num_correct": 1157,
    "num_total": 2170,
    "core_metric": 0.5331797235023041,
    "accuracy": 0.5331797235023041
}