{
    "num_correct": 1867,
    "num_total": 2170,
    "core_metric": 0.8603686635944701,
    "accuracy": 0.8603686635944701
}