{
    "core_metric": 0.8612903225806452,
    "accuracy": 0.8612903225806452
}