{
    "num_correct": 771,
    "num_total": 2170,
    "core_metric": 0.35529953917050694,
    "accuracy": 0.35529953917050694
}