{
    "num_correct": 1873,
    "num_total": 2170,
    "core_metric": 0.8631336405529954,
    "accuracy": 0.8631336405529954
}