{
    "core_metric": 0.8682027649769585,
    "accuracy": 0.8682027649769585
}