{
    "num_correct": 627,
    "num_total": 2170,
    "core_metric": 0.2889400921658986,
    "accuracy": 0.2889400921658986
}