{
    "core_metric": 0.8751152073732719,
    "accuracy": 0.8751152073732719
}