{
    "core_metric": 0.8695852534562212,
    "accuracy": 0.8695852534562212
}